{"cameraMode":{"drawMode":0,"name":"Shaded","section":"Shading Mode"},"sceneLighting":true,"audioPlay":false,"sceneViewState":{"showFog":true,"showMaterialUpdate":false,"showSkybox":true,"showFlares":true,"showImageEffects":true,"showParticleSystems":true},"in2DMode":false,"pivot":{"x":-3076.666015625,"y":5166.37890625,"z":-4508.3759765625},"rotation":{"x":0.046462249010801318,"y":0.9406948685646057,"z":-0.3037285804748535,"w":0.143906369805336},"size":8743.185546875,"orthographic":false}