{"cameraMode":{"drawMode":0,"name":"Shaded","section":"Shading Mode"},"sceneLighting":true,"audioPlay":false,"sceneViewState":{"showFog":true,"showMaterialUpdate":false,"showSkybox":true,"showFlares":true,"showImageEffects":true,"showParticleSystems":true},"in2DMode":false,"pivot":{"x":-4669.56689453125,"y":8764.4697265625,"z":-4221.53466796875},"rotation":{"x":-0.14507032930850984,"y":-0.7749220132827759,"z":0.19056788086891175,"w":-0.5852200984954834},"size":5298.3759765625,"orthographic":false}